{
    "name": "root",
    "metadata": {
        "timer_format_version": "0.1.0",
        "start_time_seconds": "1706025588",
        "python_version": "3.9.7 (tags/v3.9.7:1016ef3, Aug 30 2021, 20:19:38) [MSC v.1929 64 bit (AMD64)]",
        "command_line_arguments": "D:\\Unity\\ProjectGame\\Custom_editor_hexagon_map\\venv\\Scripts\\mlagents-learn config/mission1.yaml --run-id=mission1New1 --force",
        "mlagents_version": "0.30.0",
        "mlagents_envs_version": "0.30.0",
        "communication_protocol_version": "1.5.0",
        "pytorch_version": "1.8.0+cu111",
        "numpy_version": "1.21.2",
        "end_time_seconds": "1706025647"
    },
    "total": 59.4874401,
    "count": 1,
    "self": 0.006542699999997126,
    "children": {
        "run_training.setup": {
            "total": 0.09476980000000013,
            "count": 1,
            "self": 0.09476980000000013
        },
        "TrainerController.start_learning": {
            "total": 59.3861276,
            "count": 1,
            "self": 0.0368836999997626,
            "children": {
                "TrainerController._reset_env": {
                    "total": 11.799867,
                    "count": 1,
                    "self": 11.799867
                },
                "TrainerController.advance": {
                    "total": 47.35945810000024,
                    "count": 1772,
                    "self": 0.03155540000034307,
                    "children": {
                        "env_step": {
                            "total": 40.983159600000015,
                            "count": 1772,
                            "self": 16.296773300000105,
                            "children": {
                                "SubprocessEnvManager._take_step": {
                                    "total": 24.66517130000003,
                                    "count": 1772,
                                    "self": 0.11298900000018364,
                                    "children": {
                                        "TorchPolicy.evaluate": {
                                            "total": 24.552182299999846,
                                            "count": 1772,
                                            "self": 24.552182299999846
                                        }
                                    }
                                },
                                "workers": {
                                    "total": 0.02121499999987897,
                                    "count": 1771,
                                    "self": 0.0,
                                    "children": {
                                        "worker_root": {
                                            "total": 45.6977292000001,
                                            "count": 1771,
                                            "is_parallel": true,
                                            "self": 37.271767800000035,
                                            "children": {
                                                "steps_from_proto": {
                                                    "total": 0.004133900000000246,
                                                    "count": 1,
                                                    "is_parallel": true,
                                                    "self": 0.0011866000000004817,
                                                    "children": {
                                                        "_process_rank_one_or_two_observation": {
                                                            "total": 0.002947299999999764,
                                                            "count": 2,
                                                            "is_parallel": true,
                                                            "self": 0.002947299999999764
                                                        }
                                                    }
                                                },
                                                "UnityEnvironment.step": {
                                                    "total": 8.421827500000058,
                                                    "count": 1771,
                                                    "is_parallel": true,
                                                    "self": 0.13578350000009998,
                                                    "children": {
                                                        "UnityEnvironment._generate_step_input": {
                                                            "total": 0.12323710000000965,
                                                            "count": 1771,
                                                            "is_parallel": true,
                                                            "self": 0.12323710000000965
                                                        },
                                                        "communicator.exchange": {
                                                            "total": 7.714428900000078,
                                                            "count": 1771,
                                                            "is_parallel": true,
                                                            "self": 7.714428900000078
                                                        },
                                                        "steps_from_proto": {
                                                            "total": 0.44837799999987027,
                                                            "count": 1771,
                                                            "is_parallel": true,
                                                            "self": 0.27048879999972186,
                                                            "children": {
                                                                "_process_rank_one_or_two_observation": {
                                                                    "total": 0.1778892000001484,
                                                                    "count": 3542,
                                                                    "is_parallel": true,
                                                                    "self": 0.1778892000001484
                                                                }
                                                            }
                                                        }
                                                    }
                                                }
                                            }
                                        }
                                    }
                                }
                            }
                        },
                        "trainer_advance": {
                            "total": 6.34474309999988,
                            "count": 1771,
                            "self": 0.04427489999999601,
                            "children": {
                                "process_trajectory": {
                                    "total": 0.3161258999998644,
                                    "count": 1771,
                                    "self": 0.3161258999998644
                                },
                                "_update_policy": {
                                    "total": 5.984342300000019,
                                    "count": 14,
                                    "self": 0.2766121000001043,
                                    "children": {
                                        "TorchPPOOptimizer.update": {
                                            "total": 5.707730199999915,
                                            "count": 501,