{
    "name": "root",
    "gauges": {
        "Mission1Bot.Policy.Entropy.mean": {
            "value": 3.3322556018829346,
            "min": 3.3322556018829346,
            "max": 3.985841751098633,
            "count": 5
        },
        "Mission1Bot.Policy.Entropy.sum": {
            "value": 3405.565185546875,
            "min": 3324.557861328125,
            "max": 4221.00634765625,
            "count": 5
        },
        "Mission1Bot.Step.mean": {
            "value": 4961.0,
            "min": 995.0,
            "max": 4961.0,
            "count": 5
        },
        "Mission1Bot.Step.sum": {
            "value": 4961.0,
            "min": 995.0,
            "max": 4961.0,
            "count": 5
        },
        "Mission1Bot.Policy.ExtrinsicValueEstimate.mean": {
            "value": -3.3070130348205566,
            "min": -4.459611415863037,
            "max": -3.1846213340759277,
            "count": 5
        },
        "Mission1Bot.Policy.ExtrinsicValueEstimate.sum": {
            "value": -52.912208557128906,
            "min": -75.81339263916016,
            "max": -50.953941345214844,
            "count": 5
        },
        "Mission1Bot.Losses.PolicyLoss.mean": {
            "value": 0.24230551043082313,
            "min": 0.23267361790677235,
            "max": 0.25975150966694366,
            "count": 5
        },
        "Mission1Bot.Losses.PolicyLoss.sum": {
            "value": 1.938444083446585,
            "min": 1.6287153253474065,
            "max": 2.016185925277467,
            "count": 5
        },
        "Mission1Bot.Losses.ValueLoss.mean": {
            "value": 2.126138141533981,
            "min": 1.1087965531836426,
            "max": 2.5820291987398547,
            "count": 5
        },
        "Mission1Bot.Losses.ValueLoss.sum": {
            "value": 17.00910513227185,
            "min": 7.761575872285499,
            "max": 20.580291619112714,
            "count": 5
        },
        "Mission1Bot.Policy.LearningRate.mean": {
            "value": 2.9160090280000007e-05,
            "min": 2.9160090280000007e-05,
            "max": 0.00026838001054000005,
            "count": 5
        },
        "Mission1Bot.Policy.LearningRate.sum": {
            "value": 0.00023328072224000005,
            "min": 0.00023328072224000005,
            "max": 0.0018786600737800002,
            "count": 5
        },
        "Mission1Bot.Policy.Epsilon.mean": {
            "value": 0.10972000000000001,
            "min": 0.10972000000000001,
            "max": 0.18945999999999996,
            "count": 5
        },
        "Mission1Bot.Policy.Epsilon.sum": {
            "value": 0.8777600000000001,
            "min": 0.8777600000000001,
            "max": 1.3560400000000001,
            "count": 5
        },
        "Mission1Bot.Policy.Beta.mean": {
            "value": 0.0005,
            "min": 0.0005,
            "max": 0.0005,
            "count": 5
        },
        "Mission1Bot.Policy.Beta.sum": {
            "value": 0.004,
            "min": 0.0035,
            "max": 0.004,
            "count": 5
        },
        "Mission1Bot.Environment.EpisodeLength.mean": {
            "value": 573.0,
            "min": 573.0,
            "max": 735.0,
            "count": 5
        },
        "Mission1Bot.Environment.EpisodeLength.sum": {
            "value": 573.0,
            "min": 573.0,
            "max": 1470.0,
            "count": 5
        },
        "Mission1Bot.Environment.CumulativeReward.mean": {
            "value": -22.67000162601471,
            "min": -69.87000322341919,
            "max": -22.67000162601471,
            "count": 5
        },
        "Mission1Bot.Environment.CumulativeReward.sum": {
            "value": -22.67000162601471,
            "min": -72.37000352144241,
            "max": -22.67000162601471,
            "count": 5
        },
        "Mission1Bot.Policy.ExtrinsicReward.mean": {
            "value": -22.67000162601471,
            "min": -69.87000322341919,
            "max": -22.67000162601471,
            "count": 5
        },
        "Mission1Bot.Policy.ExtrinsicReward.sum": {
            "value": -22.67000162601471,
            "min": -72.37000352144241,
            "max": -22.67000162601471,
            "count": 5
        },
        "Mission1Bot.IsTraining.mean": {
            "value": 1.0,
            "min": 1.0,
            "max": 1.0,
            "count": 5
        },
        "Mission1Bot.IsTraining.sum": {
            "value": 1.0,
            "min": 1.0,
            "max": 1.0,
            "count": 5
        }
    },
    "metadata": {
        "timer_format_version": "0.1.0",
        "start_time_seconds": "1706073828",
        "python_version": "3.9.7 (tags/v3.9.7:1016ef3, Aug 30 2021, 20:19:38) [MSC v.1929 64 bit (AMD64)]",
        "command_line_arguments": "D:\\Unity\\ProjectGame\\Custom_editor_hexagon_map\\venv\\Scripts\\mlagents-learn config/mission1.yaml --run-id=mission1New1 --force",
        "mlagents_version": "0.30.0",
        "mlagents_envs_version": "0.30.0",
        "communication_protocol_version": "1.5.0",
        "pytorch_version": "1.8.0+cu111",
        "numpy_version": "1.21.2",
        "end_time_seconds": "1706073916"
    },
    "total": 87.4494518,
    "count": 1,
    "self": 0.013434600000010732,
    "children": {
        "run_training.setup": {
            "total": 0.11249320000000029,
            "count": 1,
            "self": 0.11249320000000029
        },
        "TrainerController.start_learning": {
            "total": 87.32352399999999,
            "count": 1,
            "self": 0.1116517999996347,
            "children": {
                "TrainerController._reset_env": {
                    "total": 17.8199853,
                    "count": 1,
                    "self": 17.8199853
                },
                "TrainerController.advance": {
                    "total": 69.15248060000035,
                    "count": 5025,
                    "self": 0.10248750000100415,
                    "children": {
                        "env_step": {
                            "total": 50.05214849999946,
                            "count": 5025,
                            "self": 29.402344399999755,
                            "children": {
                                "SubprocessEnvManager._take_step": {
                                    "total": 20.582882299999746,
                                    "count": 5025,
                                    "self": 0.3230713999996624,
                                    "children": {
                                        "TorchPolicy.evaluate": {
                                            "total": 20.259810900000083,
                                            "count": 5025,
                                            "self": 20.259810900000083
                                        }
                                    }
                                },
                                "workers": {
                                    "total": 0.06692179999996029,
                                    "count": 5025,
                                    "self": 0.0,
                                    "children": {
                                        "worker_root": {
                                            "total": 72.68791630000001,
                                            "count": 5025,
                                            "is_parallel": true,
                                            "self": 48.06887399999954,
                                            "children": {
                                                "steps_from_proto": {
                                                    "total": 0.009716600000000852,
                                                    "count": 1,
                                                    "is_parallel": true,
                                                    "self": 0.0028581000000009738,