{"count":1,"self":298.99210239999996,"total":302.0262231,"children":{"InitializeActuators":{"count":1,"self":0.00099779999999999986,"total":0.00099779999999999986,"children":null},"InitializeSensors":{"count":1,"self":0.0010134,"total":0.0010134,"children":null},"AgentSendState":{"count":11575,"self":0.020826499999999998,"total":0.3346479,"children":{"CollectObservations":{"count":2202,"self":0.2362185,"total":0.2362185,"children":null},"WriteActionMask":{"count":2202,"self":0.0035133,"total":0.0035133,"children":null},"RequestDecision":{"count":2202,"self":0.074089599999999992,"total":0.074089599999999992,"children":null}}},"DecideAction":{"count":11575,"self":2.2410541999999998,"total":2.2410541999999998,"children":null},"AgentAct":{"count":11575,"self":0.45639939999999996,"total":0.45639939999999996,"children":null}},"gauges":{},"metadata":{"timer_format_version":"0.1.0","start_time_seconds":"1706696014","unity_version":"2022.3.15f1","command_line_arguments":"D:\\Unity\\2022.3.15f1\\Editor\\Unity.exe -projectpath D:\\Unity\\ProjectGame\\Custom_editor_hexagon_map -useHub -hubIPC -cloudEnvironment production -licensingIpc LicenseClient-Lenovo -hubSessionId 3fdf38f8-f02d-4832-8346-cf4bcdaa2cd5 -accessToken 2AIxenX8PpxRfalg9TZg_gWO1Gf_ky448V9RO2bsVtY011f","communication_protocol_version":"1.5.0","com.unity.ml-agents_version":"2.0.1","scene_name":"CardUI","end_time_seconds":"1706696316"}}