{"count":1,"self":42.481152,"total":42.7602912,"children":{"AgentSendState":{"count":1346,"self":0.0060111999999999995,"total":0.036628999999999995,"children":{"CollectObservations":{"count":185,"self":0.0010031999999999999,"total":0.0010031999999999999,"children":null},"WriteActionMask":{"count":185,"self":0.00099739999999999985,"total":0.00099739999999999985,"children":null},"RequestDecision":{"count":185,"self":0.0286172,"total":0.0286172,"children":null}}},"DecideAction":{"count":1346,"self":0.22345009999999998,"total":0.22345009999999998,"children":null},"AgentAct":{"count":1346,"self":0.0160446,"total":0.0160446,"children":null},"InitializeActuators":{"count":3,"self":0.0009968,"total":0.0009968,"children":null},"InitializeSensors":{"count":3,"self":0.0015137999999999998,"total":0.0015137999999999998,"children":null}},"gauges":{},"metadata":{"timer_format_version":"0.1.0","start_time_seconds":"1710319682","unity_version":"2022.3.15f1","command_line_arguments":"D:\\Unity\\2022.3.15f1\\Editor\\Unity.exe -projectpath D:\\Unity\\ProjectGame\\Custom_editor_hexagon_map -useHub -hubIPC -cloudEnvironment production -licensingIpc LicenseClient-Lenovo -hubSessionId 9e5f5e1b-8aa1-4881-a606-40a00e9f4bb1 -accessToken XZsV9BNfEbJmeT3BvKNs6m4s-MNw9XG_PRZqFBh1FrQ011f","communication_protocol_version":"1.5.0","com.unity.ml-agents_version":"2.0.1","scene_name":"Mission1","end_time_seconds":"1710319725"}}