{"count":1,"self":47.148339199999995,"total":47.8464357,"children":{"InitializeActuators":{"count":1,"self":0.0024998999999999998,"total":0.0024998999999999998,"children":null},"InitializeSensors":{"count":1,"self":0.0020020999999999997,"total":0.0020020999999999997,"children":null},"AgentSendState":{"count":2102,"self":0.0045899,"total":0.077802299999999991,"children":{"CollectObservations":{"count":421,"self":0.0480287,"total":0.0480287,"children":null},"WriteActionMask":{"count":421,"self":0.0010588,"total":0.0010588,"children":null},"RequestDecision":{"count":421,"self":0.024124899999999998,"total":0.024124899999999998,"children":null}}},"DecideAction":{"count":2102,"self":0.5123242,"total":0.5123242,"children":null},"AgentAct":{"count":2102,"self":0.10195649999999999,"total":0.10195649999999999,"children":null}},"gauges":{},"metadata":{"timer_format_version":"0.1.0","start_time_seconds":"1706799405","unity_version":"2022.3.15f1","command_line_arguments":"D:\\Unity\\2022.3.15f1\\Editor\\Unity.exe -projectpath D:\\Unity\\ProjectGame\\Custom_editor_hexagon_map -useHub -hubIPC -cloudEnvironment production -licensingIpc LicenseClient-Lenovo -hubSessionId ac1d988d-4366-4e8a-96b1-62de06694cc0 -accessToken 7Efstt7bEIkjm4D-9aPMsymiSlIqQB3Kif-qPr85xpA011f","communication_protocol_version":"1.5.0","com.unity.ml-agents_version":"2.0.1","scene_name":"MLTrain","end_time_seconds":"1706799453"}}