{
    "name": "root",
    "gauges": {
        "Mission1BotNew2.Policy.Entropy.mean": {
            "value": 3.062134265899658,
            "min": 3.062134265899658,
            "max": 3.994907855987549,
            "count": 5
        },
        "Mission1BotNew2.Policy.Entropy.sum": {
            "value": 3065.1962890625,
            "min": 3065.1962890625,
            "max": 4166.68896484375,
            "count": 5
        },
        "Mission1BotNew2.Step.mean": {
            "value": 4992.0,
            "min": 979.0,
            "max": 4992.0,
            "count": 5
        },
        "Mission1BotNew2.Step.sum": {
            "value": 4992.0,
            "min": 979.0,
            "max": 4992.0,
            "count": 5
        },
        "Mission1BotNew2.Policy.ExtrinsicValueEstimate.mean": {
            "value": 6.522346496582031,
            "min": -2.593820571899414,
            "max": 6.522346496582031,
            "count": 5
        },
        "Mission1BotNew2.Policy.ExtrinsicValueEstimate.sum": {
            "value": 104.3575439453125,
            "min": -41.501129150390625,
            "max": 104.3575439453125,
            "count": 5
        },
        "Mission1BotNew2.Losses.PolicyLoss.mean": {
            "value": 0.24593957922295867,
            "min": 0.23563250871739003,
            "max": 0.24801875114213218,
            "count": 5
        },
        "Mission1BotNew2.Losses.PolicyLoss.sum": {
            "value": 1.9675166337836694,
            "min": 1.6937002157198824,
            "max": 1.9841500091370574,
            "count": 5
        },
        "Mission1BotNew2.Losses.ValueLoss.mean": {
            "value": 1.6688295220673988,
            "min": 0.9649857656836199,
            "max": 1.8844185769995756,
            "count": 5
        },
        "Mission1BotNew2.Losses.ValueLoss.sum": {
            "value": 13.35063617653919,
            "min": 7.7198861254689595,
            "max": 15.075348615996605,
            "count": 5
        },
        "Mission1BotNew2.Policy.LearningRate.mean": {
            "value": 3.0525089825e-05,
            "min": 3.0525089825e-05,
            "max": 0.00026879143897428574,
            "count": 5
        },
        "Mission1BotNew2.Policy.LearningRate.sum": {
            "value": 0.0002442007186,
            "min": 0.0002442007186,
            "max": 0.0018815400728200002,
            "count": 5
        },
        "Mission1BotNew2.Policy.Epsilon.mean": {
            "value": 0.11017500000000001,
            "min": 0.11017500000000001,
            "max": 0.18959714285714285,
            "count": 5
        },
        "Mission1BotNew2.Policy.Epsilon.sum": {
            "value": 0.8814000000000001,
            "min": 0.8814000000000001,
            "max": 1.36104,
            "count": 5
        },
        "Mission1BotNew2.Policy.Beta.mean": {
            "value": 0.0005,
            "min": 0.0005,
            "max": 0.0005,
            "count": 5
        },
        "Mission1BotNew2.Policy.Beta.sum": {
            "value": 0.004,
            "min": 0.0035,
            "max": 0.004,
            "count": 5
        },
        "Mission1BotNew2.Environment.EpisodeLength.mean": {
            "value": 563.5,
            "min": 563.5,
            "max": 620.0,
            "count": 5
        },
        "Mission1BotNew2.Environment.EpisodeLength.sum": {
            "value": 1127.0,
            "min": 594.0,
            "max": 1237.0,
            "count": 5
        },
        "Mission1BotNew2.Environment.CumulativeReward.mean": {
            "value": 45.55000197887421,
            "min": -42.30000197887421,
            "max": 51.10000252723694,
            "count": 5
        },
        "Mission1BotNew2.Environment.CumulativeReward.sum": {
            "value": 91.10000395774841,
            "min": -42.30000197887421,
            "max": 102.20000505447388,
            "count": 5
        },
        "Mission1BotNew2.Policy.ExtrinsicReward.mean": {
            "value": 45.55000197887421,
            "min": -42.30000197887421,
            "max": 51.10000252723694,
            "count": 5
        },
        "Mission1BotNew2.Policy.ExtrinsicReward.sum": {
            "value": 91.10000395774841,
            "min": -42.30000197887421,
            "max": 102.20000505447388,
            "count": 5
        },
        "Mission1BotNew2.IsTraining.mean": {
            "value": 1.0,
            "min": 1.0,
            "max": 1.0,
            "count": 5
        },
        "Mission1BotNew2.IsTraining.sum": {
            "value": 1.0,
            "min": 1.0,
            "max": 1.0,
            "count": 5
        }
    },
    "metadata": {
        "timer_format_version": "0.1.0",
        "start_time_seconds": "1706074357",
        "python_version": "3.9.7 (tags/v3.9.7:1016ef3, Aug 30 2021, 20:19:38) [MSC v.1929 64 bit (AMD64)]",
        "command_line_arguments": "D:\\Unity\\ProjectGame\\Custom_editor_hexagon_map\\venv\\Scripts\\mlagents-learn config/mission1.yaml --run-id=mission1New2",
        "mlagents_version": "0.30.0",
        "mlagents_envs_version": "0.30.0",
        "communication_protocol_version": "1.5.0",
        "pytorch_version": "1.8.0+cu111",
        "numpy_version": "1.21.2",
        "end_time_seconds": "1706074443"
    },
    "total": 85.2193714,
    "count": 1,
    "self": 0.011759800000007203,
    "children": {
        "run_training.setup": {
            "total": 0.08941489999999996,
            "count": 1,
            "self": 0.08941489999999996
        },
        "TrainerController.start_learning": {
            "total": 85.1181967,
            "count": 1,
            "self": 0.10599599999989096,
            "children": {
                "TrainerController._reset_env": {
                    "total": 15.262117700000001,
                    "count": 1,
                    "self": 15.262117700000001
                },
                "TrainerController.advance": {
                    "total": 69.5260105000001,
                    "count": 5056,
                    "self": 0.09789029999970467,
                    "children": {
                        "env_step": {
                            "total": 52.36982710000015,
                            "count": 5056,
                            "self": 33.15295210000025,
                            "children": {
                                "SubprocessEnvManager._take_step": {
                                    "total": 19.153159600000052,
                                    "count": 5056,
                                    "self": 0.2998733000002325,
                                    "children": {
                                        "TorchPolicy.evaluate": {
                                            "total": 18.85328629999982,
                                            "count": 5056,
                                            "self": 18.85328629999982
                                        }
                                    }
                                },
                                "workers": {
                                    "total": 0.06371539999985387,
                                    "count": 5056,
                                    "self": 0.0,
                                    "children": {
                                        "worker_root": {
                                            "total": 73.69655160000013,
                                            "count": 5056,
                                            "is_parallel": true,
                                            "self": 45.17527900000002,
                                            "children": {
                                                "steps_from_proto": {
                                                    "total": 0.004183000000001158,
                                                    "count": 1,
                                                    "is_parallel": true,
                                                    "self": 0.001350499999999144,